dataset_id,title,organization,sector,tags,formats,num_resources,metadata_created,metadata_modified,description,source_url
76a07411-c72c-4b22-9a07-5d5ac9e63c98,Evapotranspiration Uttar Pradesh-2018,"Ministry of Jal Shakti|Department of Water Resources, River Development & Ganga Rejuvenation|National Water Informatics Centre",Water Resources|Surface Water,,,9,2022-01-11,2022-01-11,Evapotranspiration Uttar Pradesh-2018,https://www.data.gov.in/resource/76a07411-c72c-4b22-9a07-5d5ac9e63c98
588e7b7f-f505-4b35-abe7-0ea8cb0b0b60,Evapotranspiration Uttar Pradesh-2019,"Ministry of Jal Shakti|Department of Water Resources, River Development & Ganga Rejuvenation|National Water Informatics Centre",Water Resources|Surface Water,,,9,2022-01-12,2022-01-12,Evapotranspiration Uttar Pradesh-2019,https://www.data.gov.in/resource/588e7b7f-f505-4b35-abe7-0ea8cb0b0b60
c5caab03-4aec-4f0e-87fe-feef45902a06,Evapotranspiration Uttar Pradesh-2020,"Ministry of Jal Shakti|Department of Water Resources, River Development & Ganga Rejuvenation|National Water Informatics Centre",Water Resources|Surface Water,,,9,2022-01-11,2022-01-11,Evapotranspiration Uttar Pradesh-2020,https://www.data.gov.in/resource/c5caab03-4aec-4f0e-87fe-feef45902a06
c12b866d-2f8d-4f15-bd21-11c989cfccdb,Soil Moisture Uttar Pradesh -2018,"Ministry of Jal Shakti|Department of Water Resources, River Development & Ganga Rejuvenation|National Water Informatics Centre",Surface Water,,,9,2022-01-11,2022-01-11,Soil Moisture Uttar Pradesh -2018,https://www.data.gov.in/resource/c12b866d-2f8d-4f15-bd21-11c989cfccdb
20e844f2-d146-43d2-b8b6-a9b1f6e10ca8,Soil Moisture Uttar Pradesh-2020,"Ministry of Jal Shakti|Department of Water Resources, River Development & Ganga Rejuvenation|National Water Informatics Centre",Surface Water,,,9,2022-01-11,2022-01-12,Soil Moisture Uttar Pradesh-2020,https://www.data.gov.in/resource/20e844f2-d146-43d2-b8b6-a9b1f6e10ca8
3c2187bf-3f96-4f0c-9639-0aae9f5ac238,Surface Water Quality Uttar Pradesh 1985-1995,"Ministry of Jal Shakti|Department of Water Resources, River Development &amp|Ganga Rejuvenation|National Water Informatics Centre",Water Resources|Surface Water,,,99,2025-10-10,2025-10-10,Surface Water Quality Uttar Pradesh 1985-1995,https://www.data.gov.in/resource/3c2187bf-3f96-4f0c-9639-0aae9f5ac238
bab12eb5-a51f-4284-bef5-d82e636e1bd3,Surface Water Quality Uttar Pradesh 1974-1984,"Ministry of Jal Shakti|Department of Water Resources, River Development &amp|Ganga Rejuvenation|National Water Informatics Centre",Water Resources|Surface Water,,,99,2025-10-10,2025-10-10,Surface Water Quality Uttar Pradesh 1974-1984,https://www.data.gov.in/resource/bab12eb5-a51f-4284-bef5-d82e636e1bd3
6ee97517-4432-4d58-b5b1-ee4f55c6ae46,Primary Census Abstract 2011 - Uttar Pradesh,"Ministry of Home Affairs|Department of Home|Registrar General and Census Commissioner, India",Census and Surveys|Census|Population Enumerator|Statistics,,,100,2019-09-23,2019-09-25,Primary Census Abstract 2011 - Uttar Pradesh,https://www.data.gov.in/resource/6ee97517-4432-4d58-b5b1-ee4f55c6ae46
0be649f7-f897-48d9-9b65-3cfdbe87720b,Surface Water Quality Uttar Pradesh 2007-2021,"Ministry of Jal Shakti|Department of Water Resources, River Development &amp|Ganga Rejuvenation|National Water Informatics Centre",Water Resources|Surface Water,,,99,2025-10-10,2025-10-10,Surface Water Quality Uttar Pradesh 2007-2021,https://www.data.gov.in/resource/0be649f7-f897-48d9-9b65-3cfdbe87720b
5db46842-ef26-4863-b59b-c207a92cdd55,Surface Water Quality Uttar Pradesh 1963-1973,"Ministry of Jal Shakti|Department of Water Resources, River Development &amp|Ganga Rejuvenation|National Water Informatics Centre",Water Resources|Surface Water,,,99,2025-10-10,2025-10-10,Surface Water Quality Uttar Pradesh 1963-1973,https://www.data.gov.in/resource/5db46842-ef26-4863-b59b-c207a92cdd55
fcc76f97-dc7e-4952-87a8-a3ae08718b31,"Population by Mother Tongue, 2011 - Uttar Pradesh","Ministry of Home Affairs|Department of Home|Registrar General and Census Commissioner, India",Census and Surveys|Census|Population Enumerator,,,18,2020-10-05,2020-10-19,"Population by Mother Tongue, 2011 - Uttar Pradesh",https://www.data.gov.in/resource/fcc76f97-dc7e-4952-87a8-a3ae08718b31
9314665e-c201-4839-85d7-e108e647ae35,Surface Water Quality Uttar Pradesh 1996-2006,"Ministry of Jal Shakti|Department of Water Resources, River Development &amp|Ganga Rejuvenation|National Water Informatics Centre",Water Resources|Surface Water,,,99,2025-10-10,2025-10-10,Surface Water Quality Uttar Pradesh 1996-2006,https://www.data.gov.in/resource/9314665e-c201-4839-85d7-e108e647ae35
0366b8df-2d50-4bd9-ae70-e43f49ab59f6,"Marital status by age and sex, 2001 - UTTAR PRADESH","Ministry of Home Affairs|Department of Home|Registrar General and Census Commissioner, India",Census and Surveys|Census|Statistics,,,27,2020-08-19,2020-09-04,"Marital status by age and sex, 2001 - UTTAR PRADESH",https://www.data.gov.in/resource/0366b8df-2d50-4bd9-ae70-e43f49ab59f6
b3a2facb-c0c2-498e-b5ac-b3222d8fe91c,"Scheduled Caste Households by Source of Lighting, 2001 - Uttar Pradesh","Ministry of Home Affairs|Department of Home|Registrar General and Census Commissioner, India",Census and Surveys|Census|Population Enumerator,,,15,2020-11-06,2021-02-01,"Scheduled Caste Households by Source of Lighting, 2001 - Uttar Pradesh",https://www.data.gov.in/resource/b3a2facb-c0c2-498e-b5ac-b3222d8fe91c
1a4ba534-4fc7-4dbe-9806-c3bc87147639,Item-wise HMIS report of Uttar Pradesh for 2010-11,Ministry of Health and Family Welfare|Department of Health and Family Welfare,Health and Family welfare|Health,,,19,2021-02-24,2021-02-25,Item-wise HMIS report of Uttar Pradesh for 2010-11,https://www.data.gov.in/resource/1a4ba534-4fc7-4dbe-9806-c3bc87147639
e4728767-0b3a-444f-a058-29bb885c64f3,"Households by Disabled Males and Household Size, 2001 - Uttar Pradesh","Ministry of Home Affairs|Department of Home|Registrar General and Census Commissioner, India",Census and Surveys|Census|Population Enumerator,,,14,2021-11-24,2021-11-24,"Households by Disabled Males and Household Size, 2001 - Uttar Pradesh",https://www.data.gov.in/resource/e4728767-0b3a-444f-a058-29bb885c64f3
f1715458-cf4b-4443-b838-2a7fd2291cad,"Primary Census Abstract for Mahrajganj District of Uttar Pradesh, 2001","Ministry of Home Affairs|Department of Home|Registrar General and Census Commissioner, India",Census and Surveys|Census|Population Enumerator,,,66,2020-01-21,2022-04-29,"Primary Census Abstract for Mahrajganj District of Uttar Pradesh, 2001",https://www.data.gov.in/resource/f1715458-cf4b-4443-b838-2a7fd2291cad
10e32d99-786f-4800-8a95-3e9f19b5968e,"Primary Census Abstract for Firozabad District of Uttar Pradesh, 2001","Ministry of Home Affairs|Department of Home|Registrar General and Census Commissioner, India",Census and Surveys|Census|Population Enumerator,,,66,2020-01-21,2022-04-29,"Primary Census Abstract for Firozabad District of Uttar Pradesh, 2001",https://www.data.gov.in/resource/10e32d99-786f-4800-8a95-3e9f19b5968e
2e015739-9574-4171-a888-90bcae753aa6,"Primary Census Abstract for Gorakhpur District of Uttar Pradesh, 2001","Ministry of Home Affairs|Department of Home|Registrar General and Census Commissioner, India",Census and Surveys|Census|Population Enumerator,,,66,2020-01-21,2022-04-29,"Primary Census Abstract for Gorakhpur District of Uttar Pradesh, 2001",https://www.data.gov.in/resource/2e015739-9574-4171-a888-90bcae753aa6
c5684d3b-297e-411a-baab-a5fa31213308,"Primary Census Abstract for Sonbhadra District of Uttar Pradesh, 2001","Ministry of Home Affairs|Department of Home|Registrar General and Census Commissioner, India",Census and Surveys|Census|Population Enumerator,,,66,2020-01-20,2022-04-29,"Primary Census Abstract for Sonbhadra District of Uttar Pradesh, 2001",https://www.data.gov.in/resource/c5684d3b-297e-411a-baab-a5fa31213308
ffd8972d-49a3-4180-8dcb-a7ecb84ad83a,"Primary Census Abstract for Meerut District of Uttar Pradesh, 2001","Ministry of Home Affairs|Department of Home|Registrar General and Census Commissioner, India",Census and Surveys|Census|Population Enumerator,,,66,2020-01-20,2022-04-29,"Primary Census Abstract for Meerut District of Uttar Pradesh, 2001",https://www.data.gov.in/resource/ffd8972d-49a3-4180-8dcb-a7ecb84ad83a
fdb97e05-d137-479c-9359-e1b7984f3b1a,"Primary Census Abstract for Muzaffarnagar District of Uttar Pradesh, 2001","Ministry of Home Affairs|Department of Home|Registrar General and Census Commissioner, India",Census and Surveys|Census|Population Enumerator,,,66,2020-01-21,2022-04-29,"Primary Census Abstract for Muzaffarnagar District of Uttar Pradesh, 2001",https://www.data.gov.in/resource/fdb97e05-d137-479c-9359-e1b7984f3b1a
3d954cdd-468f-423a-8850-0933ca8e7a22,"Final Population Totals for Rampur District of Uttar Pradesh, 2001","Ministry of Home Affairs|Department of Home|Registrar General and Census Commissioner, India",Census and Surveys|Census|Population Enumerator,,,20,2020-08-20,2022-04-29,"Final Population Totals for Rampur District of Uttar Pradesh, 2001",https://www.data.gov.in/resource/3d954cdd-468f-423a-8850-0933ca8e7a22
d4bb7024-0681-4e7a-86a0-9b95545d7409,"Final Population Totals for Bijnor District of Uttar Pradesh, 2001","Ministry of Home Affairs|Department of Home|Registrar General and Census Commissioner, India",Census and Surveys|Census|Population Enumerator,,,20,2020-08-20,2022-04-29,"Final Population Totals for Bijnor District of Uttar Pradesh, 2001",https://www.data.gov.in/resource/d4bb7024-0681-4e7a-86a0-9b95545d7409
7bdbd814-eb88-4e4c-b264-d7cf40857b5d,"Primary Census Abstract for Faizabad District of Uttar Pradesh, 2001","Ministry of Home Affairs|Department of Home|Registrar General and Census Commissioner, India",Census and Surveys|Census|Population Enumerator,,,66,2020-01-21,2022-04-29,"Primary Census Abstract for Faizabad District of Uttar Pradesh, 2001",https://www.data.gov.in/resource/7bdbd814-eb88-4e4c-b264-d7cf40857b5d
6a0bd543-a844-4f9b-bac1-4add954fed59,"Primary Census Abstract for Jaunpur District of Uttar Pradesh, 2001","Ministry of Home Affairs|Department of Home|Registrar General and Census Commissioner, India",Census and Surveys|Census|Population Enumerator,,,66,2020-01-21,2022-04-29,"Primary Census Abstract for Jaunpur District of Uttar Pradesh, 2001",https://www.data.gov.in/resource/6a0bd543-a844-4f9b-bac1-4add954fed59
c397cedd-469d-4331-acf3-840d882b35fc,"Primary Census Abstract for Farrukhabad District of Uttar Pradesh, 2001","Ministry of Home Affairs|Department of Home|Registrar General and Census Commissioner, India",Census and Surveys|Census|Population Enumerator,,,66,2020-01-21,2022-04-29,"Primary Census Abstract for Farrukhabad District of Uttar Pradesh, 2001",https://www.data.gov.in/resource/c397cedd-469d-4331-acf3-840d882b35fc
8bdf6dd7-74d1-4d50-88b6-8870497eebdf,"Primary Census Abstract for Kannauj District of Uttar Pradesh, 2001","Ministry of Home Affairs|Department of Home|Registrar General and Census Commissioner, India",Census and Surveys|Census|Population Enumerator,,,66,2020-01-21,2022-04-29,"Primary Census Abstract for Kannauj District of Uttar Pradesh, 2001",https://www.data.gov.in/resource/8bdf6dd7-74d1-4d50-88b6-8870497eebdf
90ab6b4d-a4fd-48a4-bc81-0adb18742497,"Primary Census Abstract for Ballia District of Uttar Pradesh, 2001","Ministry of Home Affairs|Department of Home|Registrar General and Census Commissioner, India",Census and Surveys|Census|Population Enumerator,,,66,2020-01-21,2022-04-29,"Primary Census Abstract for Ballia District of Uttar Pradesh, 2001",https://www.data.gov.in/resource/90ab6b4d-a4fd-48a4-bc81-0adb18742497
c692b44b-7445-469b-89c3-dd799f23c1cf,"Primary Census Abstract for Kheri District of Uttar Pradesh, 2001","Ministry of Home Affairs|Department of Home|Registrar General and Census Commissioner, India",Census and Surveys|Census|Population Enumerator,,,66,2020-01-20,2022-04-29,"Primary Census Abstract for Kheri District of Uttar Pradesh, 2001",https://www.data.gov.in/resource/c692b44b-7445-469b-89c3-dd799f23c1cf
c999382d-0226-463a-bb2b-12f1801f8302,"Final Population Totals for Mau District of Uttar Pradesh, 2001","Ministry of Home Affairs|Department of Home|Registrar General and Census Commissioner, India",Census and Surveys|Census|Population Enumerator,,,20,2020-08-20,2022-04-29,"Final Population Totals for Mau District of Uttar Pradesh, 2001",https://www.data.gov.in/resource/c999382d-0226-463a-bb2b-12f1801f8302
97b1cd2a-5230-427d-95b2-5a9a4ca7404f,"Primary Census Abstract for Ghazipur District of Uttar Pradesh, 2001","Ministry of Home Affairs|Department of Home|Registrar General and Census Commissioner, India",Census and Surveys|Census|Population Enumerator,,,66,2020-01-21,2022-04-29,"Primary Census Abstract for Ghazipur District of Uttar Pradesh, 2001",https://www.data.gov.in/resource/97b1cd2a-5230-427d-95b2-5a9a4ca7404f
fbd6d98b-737d-4b8b-8322-7e417e2be80d,"Primary Census Abstract for Lucknow District of Uttar Pradesh, 2001","Ministry of Home Affairs|Department of Home|Registrar General and Census Commissioner, India",Census and Surveys|Census|Population Enumerator,,,66,2020-01-21,2022-04-29,"Primary Census Abstract for Lucknow District of Uttar Pradesh, 2001",https://www.data.gov.in/resource/fbd6d98b-737d-4b8b-8322-7e417e2be80d
2bf616d2-0445-4383-93bb-cb6a00e8aba0,"Primary Census Abstract for Basti District of Uttar Pradesh, 2001","Ministry of Home Affairs|Department of Home|Registrar General and Census Commissioner, India",Census and Surveys|Census|Population Enumerator,,,66,2020-01-20,2022-04-29,"Primary Census Abstract for Basti District of Uttar Pradesh, 2001",https://www.data.gov.in/resource/2bf616d2-0445-4383-93bb-cb6a00e8aba0
a05f051b-62e1-4957-b3ab-753b8e3b8b72,"Final Population Totals for Mathura District of Uttar Pradesh, 2001","Ministry of Home Affairs|Department of Home|Registrar General and Census Commissioner, India",Census and Surveys|Census|Population Enumerator,,,20,2020-08-20,2022-04-29,"Final Population Totals for Mathura District of Uttar Pradesh, 2001",https://www.data.gov.in/resource/a05f051b-62e1-4957-b3ab-753b8e3b8b72
ac342da7-0b10-44ac-ac65-7b742cdebd3b,"Village Amenities for Ballia District of Uttar Pradesh, 2011","Ministry of Home Affairs|Department of Home|Registrar General and Census Commissioner, India",Census and Surveys|Census|Population Enumerator,,,398,2021-03-26,2022-05-10,"Village Amenities for Ballia District of Uttar Pradesh, 2011",https://www.data.gov.in/resource/ac342da7-0b10-44ac-ac65-7b742cdebd3b
97331698-076d-445f-8626-13637d69b618,"Village Amenities for Allahabad District of Uttar Pradesh, 2011","Ministry of Home Affairs|Department of Home|Registrar General and Census Commissioner, India",Census and Surveys|Census|Population Enumerator,,,398,2021-03-30,2022-05-10,"Village Amenities for Allahabad District of Uttar Pradesh, 2011",https://www.data.gov.in/resource/97331698-076d-445f-8626-13637d69b618
192adffe-ebca-459d-843f-c16a5769aaf0,"Village Amenities for Jhansi District of Uttar Pradesh, 2011","Ministry of Home Affairs|Department of Home|Registrar General and Census Commissioner, India",Census and Surveys|Census|Population Enumerator,,,398,2021-03-30,2022-05-10,"Village Amenities for Jhansi District of Uttar Pradesh, 2011",https://www.data.gov.in/resource/192adffe-ebca-459d-843f-c16a5769aaf0
784c582f-921f-4c01-9f46-6617fb40a721,"Village Amenities for Siddharthnagar District of Uttar Pradesh, 2011","Ministry of Home Affairs|Department of Home|Registrar General and Census Commissioner, India",Census and Surveys|Census|Population Enumerator,,,398,2021-03-30,2022-05-10,"Village Amenities for Siddharthnagar District of Uttar Pradesh, 2011",https://www.data.gov.in/resource/784c582f-921f-4c01-9f46-6617fb40a721
a73fd9f9-6553-4b72-bebd-92d8e00e29c1,"Village Amenities for Rampur District of Uttar Pradesh, 2011","Ministry of Home Affairs|Department of Home|Registrar General and Census Commissioner, India",Census and Surveys|Census|Population Enumerator,,,398,2021-03-16,2022-05-10,"Village Amenities for Rampur District of Uttar Pradesh, 2011",https://www.data.gov.in/resource/a73fd9f9-6553-4b72-bebd-92d8e00e29c1
66c4c34c-6c2c-4eb2-a1e5-651e5a459516,"Village Amenities for Sultanpur District of Uttar Pradesh, 2011","Ministry of Home Affairs|Department of Home|Registrar General and Census Commissioner, India",Census and Surveys|Census|Population Enumerator,,,398,2021-03-29,2022-05-10,"Village Amenities for Sultanpur District of Uttar Pradesh, 2011",https://www.data.gov.in/resource/66c4c34c-6c2c-4eb2-a1e5-651e5a459516
8999eda7-0860-49b4-8676-45839f1c03e8,"Village Amenities for Mau District of Uttar Pradesh, 2011","Ministry of Home Affairs|Department of Home|Registrar General and Census Commissioner, India",Census and Surveys|Census|Population Enumerator,,,398,2021-03-29,2022-05-10,"Village Amenities for Mau District of Uttar Pradesh, 2011",https://www.data.gov.in/resource/8999eda7-0860-49b4-8676-45839f1c03e8
0c64642c-f1da-4155-bf5d-29f1d5720977,"Village Amenities for Baghpat District of Uttar Pradesh, 2011","Ministry of Home Affairs|Department of Home|Registrar General and Census Commissioner, India",Census and Surveys|Census|Population Enumerator,,,398,2021-03-26,2022-05-10,"Village Amenities for Baghpat District of Uttar Pradesh, 2011",https://www.data.gov.in/resource/0c64642c-f1da-4155-bf5d-29f1d5720977
db82a878-058f-4d46-91aa-e22a03d6ea83,"Village Amenities for Meerut District of Uttar Pradesh, 2011","Ministry of Home Affairs|Department of Home|Registrar General and Census Commissioner, India",Census and Surveys|Census|Population Enumerator,,,398,2021-03-29,2022-05-10,"Village Amenities for Meerut District of Uttar Pradesh, 2011",https://www.data.gov.in/resource/db82a878-058f-4d46-91aa-e22a03d6ea83
7e56b9b8-5f3f-4972-b2e5-18985da08bd8,"Village Amenities for Muzaffarnagar District of Uttar Pradesh, 2011","Ministry of Home Affairs|Department of Home|Registrar General and Census Commissioner, India",Census and Surveys|Census|Population Enumerator,,,398,2021-03-26,2022-05-10,"Village Amenities for Muzaffarnagar District of Uttar Pradesh, 2011",https://www.data.gov.in/resource/7e56b9b8-5f3f-4972-b2e5-18985da08bd8
b4d3a296-32b9-4946-96f9-8e5f5e80affc,"Village Amenities for Fatehpur District of Uttar Pradesh, 2011","Ministry of Home Affairs|Department of Home|Registrar General and Census Commissioner, India",Census and Surveys|Census|Population Enumerator,,,398,2021-03-26,2022-05-10,"Village Amenities for Fatehpur District of Uttar Pradesh, 2011",https://www.data.gov.in/resource/b4d3a296-32b9-4946-96f9-8e5f5e80affc
520c4f1e-2c72-4806-8f7a-98ee8037602f,"Village Amenities for Farrukhabad District of Uttar Pradesh, 2011","Ministry of Home Affairs|Department of Home|Registrar General and Census Commissioner, India",Census and Surveys|Census|Population Enumerator,,,398,2021-03-30,2022-05-10,"Village Amenities for Farrukhabad District of Uttar Pradesh, 2011",https://www.data.gov.in/resource/520c4f1e-2c72-4806-8f7a-98ee8037602f
60b61970-2da6-485f-89bd-89981630370a,"Village Amenities for Shahjahanpur District of Uttar Pradesh, 2011","Ministry of Home Affairs|Department of Home|Registrar General and Census Commissioner, India",Census and Surveys|Census|Population Enumerator,,,398,2021-03-30,2022-05-10,"Village Amenities for Shahjahanpur District of Uttar Pradesh, 2011",https://www.data.gov.in/resource/60b61970-2da6-485f-89bd-89981630370a
e497966d-929e-4bb2-97a4-282ae1d6407f,"Final Population Totals for Aligarh District of Uttar Pradesh, 2001","Ministry of Home Affairs|Department of Home|Registrar General and Census Commissioner, India",Census and Surveys|Census|Population Enumerator,,,20,2022-02-22,2022-06-20,"Final Population Totals for Aligarh District of Uttar Pradesh, 2001",https://www.data.gov.in/resource/e497966d-929e-4bb2-97a4-282ae1d6407f
2438d3a7-3add-4580-8ebe-a332d594371b,"Final Population Totals for Deoria District of Uttar Pradesh, 2001","Ministry of Home Affairs|Department of Home|Registrar General and Census Commissioner, India",Census and Surveys|Census|Population Enumerator,,,20,2022-02-22,2022-06-20,"Final Population Totals for Deoria District of Uttar Pradesh, 2001",https://www.data.gov.in/resource/2438d3a7-3add-4580-8ebe-a332d594371b
0a05ae8e-15b8-48f2-8673-7becee7010ea,"Final Population Totals for Lucknow District of Uttar Pradesh, 2001","Ministry of Home Affairs|Department of Home|Registrar General and Census Commissioner, India",Census and Surveys|Census|Population Enumerator,,,20,2022-02-22,2022-06-20,"Final Population Totals for Lucknow District of Uttar Pradesh, 2001",https://www.data.gov.in/resource/0a05ae8e-15b8-48f2-8673-7becee7010ea
043df97b-08dd-404d-8740-8fa4e46e1d8e,"Final Population Totals for Ghaziabad District of Uttar Pradesh, 2001","Ministry of Home Affairs|Department of Home|Registrar General and Census Commissioner, India",Census and Surveys|Census|Population Enumerator,,,20,2022-02-22,2022-06-20,"Final Population Totals for Ghaziabad District of Uttar Pradesh, 2001",https://www.data.gov.in/resource/043df97b-08dd-404d-8740-8fa4e46e1d8e
2a70c315-21a7-4543-87ae-e015a55d0f8c,"Final Population Totals for Sitapur District of Uttar Pradesh, 2001","Ministry of Home Affairs|Department of Home|Registrar General and Census Commissioner, India",Census and Surveys|Census|Population Enumerator,,,20,2022-02-22,2022-06-20,"Final Population Totals for Sitapur District of Uttar Pradesh, 2001",https://www.data.gov.in/resource/2a70c315-21a7-4543-87ae-e015a55d0f8c
1c0864bd-fcbb-4a34-ae0d-cbdf755d4347,"Final Population Totals for Banda District of Uttar Pradesh, 2001","Ministry of Home Affairs|Department of Home|Registrar General and Census Commissioner, India",Census and Surveys|Census|Population Enumerator,,,20,2022-02-22,2022-06-20,"Final Population Totals for Banda District of Uttar Pradesh, 2001",https://www.data.gov.in/resource/1c0864bd-fcbb-4a34-ae0d-cbdf755d4347
14302304-2690-46fa-a323-20b85a12a630,"Final Population Totals for Moradabad District of Uttar Pradesh, 2001","Ministry of Home Affairs|Department of Home|Registrar General and Census Commissioner, India",Census and Surveys|Census|Population Enumerator,,,20,2022-02-22,2022-06-20,"Final Population Totals for Moradabad District of Uttar Pradesh, 2001",https://www.data.gov.in/resource/14302304-2690-46fa-a323-20b85a12a630
ed384a7f-1ebd-4d37-9843-f88648ad2e04,6th Minor Irrigation Census - Village Schedule - Uttar Pradesh,"Department of Water Resources, River Development &amp|Ganga Rejuvenation",Water Resources,,,21,2026-02-10,2026-02-10,6th Minor Irrigation Census - Village Schedule - Uttar Pradesh,https://www.data.gov.in/resource/ed384a7f-1ebd-4d37-9843-f88648ad2e04
212763d2-514c-42f0-a25b-4f5b23dacf39,"Distribution of Scheduled Tribe Population by Sex , 1991 - Uttar Pradesh","Ministry of Home Affairs|Department of Home|Registrar General and Census Commissioner, India",Census and Surveys|Census|Population Enumerator,,,9,2019-10-18,2019-10-18,"Distribution of Scheduled Tribe Population by Sex , 1991 - Uttar Pradesh",https://www.data.gov.in/resource/212763d2-514c-42f0-a25b-4f5b23dacf39
cbcc5a82-2726-44df-8843-d8516747c7f8,"Marital Status by Religious Community and Sex, 2001 - Uttar Pradesh","Ministry of Home Affairs|Department of Home|Registrar General and Census Commissioner, India",Census and Surveys|Census|Population Enumerator,,,33,2020-07-09,2020-07-09,"Marital Status by Religious Community and Sex, 2001 - Uttar Pradesh",https://www.data.gov.in/resource/cbcc5a82-2726-44df-8843-d8516747c7f8
ffd68835-e9e6-4536-bcc8-18e27d88e95f,"Primary Census Abstract for Shrawasti District of Uttar Pradesh, 2001","Ministry of Home Affairs|Department of Home|Registrar General and Census Commissioner, India",Census and Surveys|Census|Population Enumerator,,,66,2020-01-20,2022-04-29,"Primary Census Abstract for Shrawasti District of Uttar Pradesh, 2001",https://www.data.gov.in/resource/ffd68835-e9e6-4536-bcc8-18e27d88e95f
64163881-5862-421a-8e51-00f44e262e76,"Primary Census Abstract for Budaun District of Uttar Pradesh, 2001","Ministry of Home Affairs|Department of Home|Registrar General and Census Commissioner, India",Census and Surveys|Census|Population Enumerator,,,66,2020-01-20,2022-04-29,"Primary Census Abstract for Budaun District of Uttar Pradesh, 2001",https://www.data.gov.in/resource/64163881-5862-421a-8e51-00f44e262e76
80a67fb4-3fbe-412c-9fab-77927523f307,"Primary Census Abstract for Jhansi District of Uttar Pradesh, 2001","Ministry of Home Affairs|Department of Home|Registrar General and Census Commissioner, India",Census and Surveys|Census|Population Enumerator,,,66,2020-01-20,2022-04-29,"Primary Census Abstract for Jhansi District of Uttar Pradesh, 2001",https://www.data.gov.in/resource/80a67fb4-3fbe-412c-9fab-77927523f307
4b83ee16-9258-4fb9-9f2c-f2efcc499e9b,"Primary Census Abstract for Moradabad District of Uttar Pradesh, 2001","Ministry of Home Affairs|Department of Home|Registrar General and Census Commissioner, India",Census and Surveys|Census|Population Enumerator,,,66,2020-01-21,2022-04-29,"Primary Census Abstract for Moradabad District of Uttar Pradesh, 2001",https://www.data.gov.in/resource/4b83ee16-9258-4fb9-9f2c-f2efcc499e9b
dc412897-d15e-405f-b7c8-837e50b93807,"Primary Census Abstract for Gonda District of Uttar Pradesh, 2001","Ministry of Home Affairs|Department of Home|Registrar General and Census Commissioner, India",Census and Surveys|Census|Population Enumerator,,,66,2020-01-20,2022-04-29,"Primary Census Abstract for Gonda District of Uttar Pradesh, 2001",https://www.data.gov.in/resource/dc412897-d15e-405f-b7c8-837e50b93807
4556db95-e1b5-4230-9015-10ae3f603704,"Primary Census Abstract for Fatehpur District of Uttar Pradesh, 2001","Ministry of Home Affairs|Department of Home|Registrar General and Census Commissioner, India",Census and Surveys|Census|Population Enumerator,,,66,2020-01-21,2022-04-29,"Primary Census Abstract for Fatehpur District of Uttar Pradesh, 2001",https://www.data.gov.in/resource/4556db95-e1b5-4230-9015-10ae3f603704
4cdb3967-f927-4272-90ee-cbfb87930d4b,"Primary Census Abstract for Ghaziabad District of Uttar Pradesh, 2001","Ministry of Home Affairs|Department of Home|Registrar General and Census Commissioner, India",Census and Surveys|Census|Population Enumerator,,,66,2020-01-20,2022-04-29,"Primary Census Abstract for Ghaziabad District of Uttar Pradesh, 2001",https://www.data.gov.in/resource/4cdb3967-f927-4272-90ee-cbfb87930d4b
b01a8ef2-9e2a-446e-b7c8-79c81a03559f,"Primary Census Abstract for Sitapur District of Uttar Pradesh, 2001","Ministry of Home Affairs|Department of Home|Registrar General and Census Commissioner, India",Census and Surveys|Census|Population Enumerator,,,66,2020-01-15,2022-04-29,"Primary Census Abstract for Sitapur District of Uttar Pradesh, 2001",https://www.data.gov.in/resource/b01a8ef2-9e2a-446e-b7c8-79c81a03559f
3e46e33a-1b5c-4c1c-ae61-1f85c69b23cb,"Primary Census Abstract for Bulandshahar District of Uttar Pradesh, 2001","Ministry of Home Affairs|Department of Home|Registrar General and Census Commissioner, India",Census and Surveys|Census|Population Enumerator,,,66,2020-01-21,2022-04-29,"Primary Census Abstract for Bulandshahar District of Uttar Pradesh, 2001",https://www.data.gov.in/resource/3e46e33a-1b5c-4c1c-ae61-1f85c69b23cb
e0b2cd31-2310-455d-a3d4-6cb631cc3f01,"Primary Census Abstract for Banda District of Uttar Pradesh, 2001","Ministry of Home Affairs|Department of Home|Registrar General and Census Commissioner, India",Census and Surveys|Census|Population Enumerator,,,66,2020-01-20,2022-04-29,"Primary Census Abstract for Banda District of Uttar Pradesh, 2001",https://www.data.gov.in/resource/e0b2cd31-2310-455d-a3d4-6cb631cc3f01
397e8fde-d22f-4faa-831b-fad226f4df75,"Final Population Totals for Jhansi District of Uttar Pradesh, 2001","Ministry of Home Affairs|Department of Home|Registrar General and Census Commissioner, India",Census and Surveys|Census|Population Enumerator,,,20,2020-08-20,2022-04-29,"Final Population Totals for Jhansi District of Uttar Pradesh, 2001",https://www.data.gov.in/resource/397e8fde-d22f-4faa-831b-fad226f4df75
b9c4af2a-b06c-49a1-8284-88ec4cab3a72,"Final Population Totals for Varanasi District of Uttar Pradesh, 2001","Ministry of Home Affairs|Department of Home|Registrar General and Census Commissioner, India",Census and Surveys|Census|Population Enumerator,,,20,2020-08-20,2022-04-29,"Final Population Totals for Varanasi District of Uttar Pradesh, 2001",https://www.data.gov.in/resource/b9c4af2a-b06c-49a1-8284-88ec4cab3a72
c410fb18-e9a2-4b94-977d-6b16b10310cb,"Final Population Totals for Jalaun District of Uttar Pradesh, 2001","Ministry of Home Affairs|Department of Home|Registrar General and Census Commissioner, India",Census and Surveys|Census|Population Enumerator,,,20,2020-08-20,2022-04-29,"Final Population Totals for Jalaun District of Uttar Pradesh, 2001",https://www.data.gov.in/resource/c410fb18-e9a2-4b94-977d-6b16b10310cb
115e9737-f599-4701-b65f-15097c9b4188,"Final Population Totals for Siddharthnagar District of Uttar Pradesh, 2001","Ministry of Home Affairs|Department of Home|Registrar General and Census Commissioner, India",Census and Surveys|Census|Population Enumerator,,,20,2020-08-20,2022-04-29,"Final Population Totals for Siddharthnagar District of Uttar Pradesh, 2001",https://www.data.gov.in/resource/115e9737-f599-4701-b65f-15097c9b4188
6d88ee18-54ab-49b6-8738-01ab30d4f119,"Final Population Totals for Muzaffarnagar District of Uttar Pradesh, 2001","Ministry of Home Affairs|Department of Home|Registrar General and Census Commissioner, India",Census and Surveys|Census|Population Enumerator,,,20,2020-08-20,2022-04-29,"Final Population Totals for Muzaffarnagar District of Uttar Pradesh, 2001",https://www.data.gov.in/resource/6d88ee18-54ab-49b6-8738-01ab30d4f119
8affa909-b74c-4a2e-b7fb-a157999a4ed3,"Final Population Totals for Auraiya District of Uttar Pradesh, 2001","Ministry of Home Affairs|Department of Home|Registrar General and Census Commissioner, India",Census and Surveys|Census|Population Enumerator,,,20,2020-08-20,2022-04-29,"Final Population Totals for Auraiya District of Uttar Pradesh, 2001",https://www.data.gov.in/resource/8affa909-b74c-4a2e-b7fb-a157999a4ed3
85140d12-1dc5-47d4-b684-b1e11dfed591,"Final Population Totals for Agra District of Uttar Pradesh, 2001","Ministry of Home Affairs|Department of Home|Registrar General and Census Commissioner, India",Census and Surveys|Census|Population Enumerator,,,20,2020-08-20,2022-04-29,"Final Population Totals for Agra District of Uttar Pradesh, 2001",https://www.data.gov.in/resource/85140d12-1dc5-47d4-b684-b1e11dfed591
a58d4b91-f353-4ebf-9aee-3ac007db313b,"Final Population Totals for Kannauj District of Uttar Pradesh, 2001","Ministry of Home Affairs|Department of Home|Registrar General and Census Commissioner, India",Census and Surveys|Census|Population Enumerator,,,20,2020-08-20,2022-04-29,"Final Population Totals for Kannauj District of Uttar Pradesh, 2001",https://www.data.gov.in/resource/a58d4b91-f353-4ebf-9aee-3ac007db313b
056befcd-f895-4d60-a4ae-acaf49ebd2c2,Ground water quality in Uttar Pradesh & Uttarakhand - 2014,"Ministry of Environment, Forest and Climate Change|Central Pollution Control Board",Water Quality,,,26,2017-08-22,2018-11-30,Ground water quality in Uttar Pradesh & Uttarakhand - 2014,https://www.data.gov.in/resource/056befcd-f895-4d60-a4ae-acaf49ebd2c2
72785fab-86c5-487b-b1fa-184e87cf8d53,"Households by Source of Lighting, 2001 - Uttar Pradesh","Ministry of Home Affairs|Department of Home|Registrar General and Census Commissioner, India",Census and Surveys|Census|Population Enumerator,,,15,2020-11-06,2021-02-01,"Households by Source of Lighting, 2001 - Uttar Pradesh",https://www.data.gov.in/resource/72785fab-86c5-487b-b1fa-184e87cf8d53
c7c822c0-b9bb-4460-b48d-abaa5ef1d4dd,"Scheduled Tribe Households by Source of Lighting, 2001 - Uttar Pradesh","Ministry of Home Affairs|Department of Home|Registrar General and Census Commissioner, India",Census and Surveys|Census|Population Enumerator,,,15,2020-11-06,2021-02-01,"Scheduled Tribe Households by Source of Lighting, 2001 - Uttar Pradesh",https://www.data.gov.in/resource/c7c822c0-b9bb-4460-b48d-abaa5ef1d4dd
cdd0116d-03a7-4120-8940-457a0309d15e,Item-wise HMIS report of Uttar Pradesh for 2017-18,Ministry of Health and Family Welfare|Department of Health and Family Welfare,Health and Family welfare|Health,,,71,2021-02-24,2021-02-25,Item-wise HMIS report of Uttar Pradesh for 2017-18,https://www.data.gov.in/resource/cdd0116d-03a7-4120-8940-457a0309d15e
1708054e-551c-470c-9dca-8ea26fe41b44,"Village Amenities for Moradabad District of Uttar Pradesh, 2011","Ministry of Home Affairs|Department of Home|Registrar General and Census Commissioner, India",Census and Surveys|Census|Population Enumerator,,,398,2021-03-30,2022-05-10,"Village Amenities for Moradabad District of Uttar Pradesh, 2011",https://www.data.gov.in/resource/1708054e-551c-470c-9dca-8ea26fe41b44
9a85a902-e8cc-47e1-9b6e-50d910a7d525,"Village Amenities for Ghaziabad District of Uttar Pradesh, 2011","Ministry of Home Affairs|Department of Home|Registrar General and Census Commissioner, India",Census and Surveys|Census|Population Enumerator,,,398,2021-03-16,2022-05-10,"Village Amenities for Ghaziabad District of Uttar Pradesh, 2011",https://www.data.gov.in/resource/9a85a902-e8cc-47e1-9b6e-50d910a7d525
f8bb0ea6-4abf-4b5c-be7d-8863abc6953b,"Village Amenities for Kheri District of Uttar Pradesh, 2011","Ministry of Home Affairs|Department of Home|Registrar General and Census Commissioner, India",Census and Surveys|Census|Population Enumerator,,,398,2021-03-17,2022-05-10,"Village Amenities for Kheri District of Uttar Pradesh, 2011",https://www.data.gov.in/resource/f8bb0ea6-4abf-4b5c-be7d-8863abc6953b
37c34e30-3c17-4f6d-b3fd-554ee7db4c4b,"Village Amenities for Aligarh District of Uttar Pradesh, 2011","Ministry of Home Affairs|Department of Home|Registrar General and Census Commissioner, India",Census and Surveys|Census|Population Enumerator,,,398,2021-03-30,2022-05-10,"Village Amenities for Aligarh District of Uttar Pradesh, 2011",https://www.data.gov.in/resource/37c34e30-3c17-4f6d-b3fd-554ee7db4c4b
1851785e-44fd-4988-a9b6-8ed3a114e5e6,"Village Amenities for Pratapgarh District of Uttar Pradesh, 2011","Ministry of Home Affairs|Department of Home|Registrar General and Census Commissioner, India",Census and Surveys|Census|Population Enumerator,,,398,2021-03-19,2022-05-10,"Village Amenities for Pratapgarh District of Uttar Pradesh, 2011",https://www.data.gov.in/resource/1851785e-44fd-4988-a9b6-8ed3a114e5e6
6b1e19d2-85f6-400e-9025-08445484e652,"Village Amenities for Kanshiram Nagar District of Uttar Pradesh, 2011","Ministry of Home Affairs|Department of Home|Registrar General and Census Commissioner, India",Census and Surveys|Census|Population Enumerator,,,398,2021-03-26,2022-05-10,"Village Amenities for Kanshiram Nagar District of Uttar Pradesh, 2011",https://www.data.gov.in/resource/6b1e19d2-85f6-400e-9025-08445484e652
d628fabd-ce33-4bda-a95c-0309ad452f3c,"Village Amenities for Kanpur Nagar District of Uttar Pradesh, 2011","Ministry of Home Affairs|Department of Home|Registrar General and Census Commissioner, India",Census and Surveys|Census|Population Enumerator,,,398,2021-03-30,2022-05-10,"Village Amenities for Kanpur Nagar District of Uttar Pradesh, 2011",https://www.data.gov.in/resource/d628fabd-ce33-4bda-a95c-0309ad452f3c
b59dbe57-1979-4637-91d8-b4d0983c8a9e,"Village Amenities for Bijnor District of Uttar Pradesh, 2011","Ministry of Home Affairs|Department of Home|Registrar General and Census Commissioner, India",Census and Surveys|Census|Population Enumerator,,,398,2021-03-30,2022-05-10,"Village Amenities for Bijnor District of Uttar Pradesh, 2011",https://www.data.gov.in/resource/b59dbe57-1979-4637-91d8-b4d0983c8a9e
0ec61033-7856-457c-b95d-6122ec92f943,"Village Amenities for Hamirpur District of Uttar Pradesh, 2011","Ministry of Home Affairs|Department of Home|Registrar General and Census Commissioner, India",Census and Surveys|Census|Population Enumerator,,,398,2021-03-30,2022-05-10,"Village Amenities for Hamirpur District of Uttar Pradesh, 2011",https://www.data.gov.in/resource/0ec61033-7856-457c-b95d-6122ec92f943
b05902db-9767-4858-9f76-5f446e3dc08d,"Village Amenities for Budaun District of Uttar Pradesh, 2011","Ministry of Home Affairs|Department of Home|Registrar General and Census Commissioner, India",Census and Surveys|Census|Population Enumerator,,,398,2021-03-30,2022-05-10,"Village Amenities for Budaun District of Uttar Pradesh, 2011",https://www.data.gov.in/resource/b05902db-9767-4858-9f76-5f446e3dc08d
79da890c-da8a-4e88-b721-d26ba9392df3,"Village Amenities for Saharanpur District of Uttar Pradesh, 2011","Ministry of Home Affairs|Department of Home|Registrar General and Census Commissioner, India",Census and Surveys|Census|Population Enumerator,,,398,2021-03-16,2022-05-10,"Village Amenities for Saharanpur District of Uttar Pradesh, 2011",https://www.data.gov.in/resource/79da890c-da8a-4e88-b721-d26ba9392df3
c9751a69-6cbb-4c1c-a61a-09d4bcdb9a41,"Village Amenities for Deoria District of Uttar Pradesh, 2011","Ministry of Home Affairs|Department of Home|Registrar General and Census Commissioner, India",Census and Surveys|Census|Population Enumerator,,,398,2021-03-29,2022-05-10,"Village Amenities for Deoria District of Uttar Pradesh, 2011",https://www.data.gov.in/resource/c9751a69-6cbb-4c1c-a61a-09d4bcdb9a41
db0968bf-d8e0-4ca8-90bf-7058cdce1c0d,"Village Amenities for Sonbhadra District of Uttar Pradesh, 2011","Ministry of Home Affairs|Department of Home|Registrar General and Census Commissioner, India",Census and Surveys|Census|Population Enumerator,,,398,2021-03-29,2022-05-10,"Village Amenities for Sonbhadra District of Uttar Pradesh, 2011",https://www.data.gov.in/resource/db0968bf-d8e0-4ca8-90bf-7058cdce1c0d
19dd2f26-fadd-4769-b1c0-05fa9f120d0a,"Village Amenities for Sitapur District of Uttar Pradesh, 2011","Ministry of Home Affairs|Department of Home|Registrar General and Census Commissioner, India",Census and Surveys|Census|Population Enumerator,,,398,2021-03-30,2022-05-10,"Village Amenities for Sitapur District of Uttar Pradesh, 2011",https://www.data.gov.in/resource/19dd2f26-fadd-4769-b1c0-05fa9f120d0a
feb1d526-1c6d-4781-a0a4-053088543270,"Final Population Totals for Mahrajganj District of Uttar Pradesh, 2001","Ministry of Home Affairs|Department of Home|Registrar General and Census Commissioner, India",Census and Surveys|Census|Population Enumerator,,,20,2022-02-22,2022-06-20,"Final Population Totals for Mahrajganj District of Uttar Pradesh, 2001",https://www.data.gov.in/resource/feb1d526-1c6d-4781-a0a4-053088543270
44c5fa6c-2245-4ac9-ac4c-c280146771e1,"Final Population Totals for Fatehpur District of Uttar Pradesh, 2001","Ministry of Home Affairs|Department of Home|Registrar General and Census Commissioner, India",Census and Surveys|Census|Population Enumerator,,,20,2022-02-22,2022-06-20,"Final Population Totals for Fatehpur District of Uttar Pradesh, 2001",https://www.data.gov.in/resource/44c5fa6c-2245-4ac9-ac4c-c280146771e1
4bef1bc2-ce7f-4fc7-8469-28e8e1cdee3b,"Final Population Totals for Shahjahanpur District of Uttar Pradesh, 2001","Ministry of Home Affairs|Department of Home|Registrar General and Census Commissioner, India",Census and Surveys|Census|Population Enumerator,,,20,2022-02-22,2022-06-20,"Final Population Totals for Shahjahanpur District of Uttar Pradesh, 2001",https://www.data.gov.in/resource/4bef1bc2-ce7f-4fc7-8469-28e8e1cdee3b
9c69b712-0ead-431f-835f-686a23adb757,List of Notary Officers of Uttar Pradesh upto September 2016,Ministry of Law and Justice|Department of Legal Affairs,Governance and Administration,,,10,2022-11-20,2022-11-20,List of Notary Officers of Uttar Pradesh upto September 2016,https://www.data.gov.in/resource/9c69b712-0ead-431f-835f-686a23adb757
993f1349-683a-4dbf-a6e7-2d022066b83c,"Religion wise Population of Scheduled Tribes, 1991 - Uttar Pradesh","Ministry of Home Affairs|Department of Home|Registrar General and Census Commissioner, India",Census and Surveys|Census|Population Enumerator,,,12,2019-09-27,2019-10-01,"Religion wise Population of Scheduled Tribes, 1991 - Uttar Pradesh",https://www.data.gov.in/resource/993f1349-683a-4dbf-a6e7-2d022066b83c
b61352fd-03fb-43be-b1b7-c321238eecf2,"Marital status by age and sex, 2011 - UTTAR PRADESH","Ministry of Home Affairs|Department of Home|Registrar General and Census Commissioner, India",Census and Surveys|Census|Statistics,,,29,2021-03-18,2021-03-18,"Marital status by age and sex, 2011 - UTTAR PRADESH",https://www.data.gov.in/resource/b61352fd-03fb-43be-b1b7-c321238eecf2
f7e6652f-ae36-4e75-abc6-4774278557f2,"Primary Census Abstract for Scheduled Tribes, 2011 - UTTAR PRADESH","Ministry of Home Affairs|Department of Home|Registrar General and Census Commissioner, India",Census and Surveys|Census|Population Enumerator|Statistics,,,88,2019-09-23,2019-09-25,"Primary Census Abstract for Scheduled Tribes, 2011 - UTTAR PRADESH",https://www.data.gov.in/resource/f7e6652f-ae36-4e75-abc6-4774278557f2
14e4debc-37af-43ae-a882-c9c6ddecc82d,Item-wise HMIS report of Uttar Pradesh for 2013-14,Ministry of Health and Family Welfare|Department of Health and Family Welfare,Health and Family welfare|Health,,,19,2021-02-24,2021-02-25,Item-wise HMIS report of Uttar Pradesh for 2013-14,https://www.data.gov.in/resource/14e4debc-37af-43ae-a882-c9c6ddecc82d
461bb190-fe49-4500-9222-4e92ade4fc11,Item-wise HMIS report of Uttar Pradesh for 2012-13,Ministry of Health and Family Welfare|Department of Health and Family Welfare,Health and Family welfare|Health,,,19,2021-02-24,2021-02-25,Item-wise HMIS report of Uttar Pradesh for 2012-13,https://www.data.gov.in/resource/461bb190-fe49-4500-9222-4e92ade4fc11
9e4ebc58-d61e-466f-8b0c-2aee6dbb1c83,Item-wise HMIS report of Uttar Pradesh for 2016-17,Ministry of Health and Family Welfare|Department of Health and Family Welfare,Health and Family welfare|Health,,,19,2021-02-24,2021-02-25,Item-wise HMIS report of Uttar Pradesh for 2016-17,https://www.data.gov.in/resource/9e4ebc58-d61e-466f-8b0c-2aee6dbb1c83
5607668e-0133-4295-8ac6-c3b19bbf0412,Item-wise HMIS report of Uttar Pradesh for 2011-12,Ministry of Health and Family Welfare|Department of Health and Family Welfare,Health and Family welfare|Health,,,19,2021-02-24,2021-02-25,Item-wise HMIS report of Uttar Pradesh for 2011-12,https://www.data.gov.in/resource/5607668e-0133-4295-8ac6-c3b19bbf0412
2cd8c8fa-1a26-4a43-950f-b83d1791236b,"Households by Disabled Females and Household Size, 2001 - Uttar Pradesh","Ministry of Home Affairs|Department of Home|Registrar General and Census Commissioner, India",Census and Surveys|Census|Population Enumerator,,,14,2021-11-24,2021-11-24,"Households by Disabled Females and Household Size, 2001 - Uttar Pradesh",https://www.data.gov.in/resource/2cd8c8fa-1a26-4a43-950f-b83d1791236b
f9d90a74-0abb-45b9-86f0-ddaade7da73c,"Households by Disabled Persons and Household Size, 2001 - Uttar Pradesh","Ministry of Home Affairs|Department of Home|Registrar General and Census Commissioner, India",Census and Surveys|Census|Population Enumerator,,,14,2021-11-24,2021-11-24,"Households by Disabled Persons and Household Size, 2001 - Uttar Pradesh",https://www.data.gov.in/resource/f9d90a74-0abb-45b9-86f0-ddaade7da73c
df76fefb-ede2-41a7-91ae-c7c65c282302,"Village Amenities for Lalitpur District of Uttar Pradesh, 2011","Ministry of Home Affairs|Department of Home|Registrar General and Census Commissioner, India",Census and Surveys|Census|Population Enumerator,,,398,2021-03-16,2022-05-10,"Village Amenities for Lalitpur District of Uttar Pradesh, 2011",https://www.data.gov.in/resource/df76fefb-ede2-41a7-91ae-c7c65c282302
784c617a-db6e-45ac-a785-37763c0c0355,"Village Amenities for Ghazipur District of Uttar Pradesh, 2011","Ministry of Home Affairs|Department of Home|Registrar General and Census Commissioner, India",Census and Surveys|Census|Population Enumerator,,,398,2021-03-16,2022-05-10,"Village Amenities for Ghazipur District of Uttar Pradesh, 2011",https://www.data.gov.in/resource/784c617a-db6e-45ac-a785-37763c0c0355
15a802d6-5720-41bb-924f-567c107b52c3,"Village Amenities for Firozabad District of Uttar Pradesh, 2011","Ministry of Home Affairs|Department of Home|Registrar General and Census Commissioner, India",Census and Surveys|Census|Population Enumerator,,,398,2021-03-17,2022-05-10,"Village Amenities for Firozabad District of Uttar Pradesh, 2011",https://www.data.gov.in/resource/15a802d6-5720-41bb-924f-567c107b52c3
c2c7b336-1126-4f9e-9ac9-ba26f96a7a3b,"Village Amenities for Kanpur Dehat District of Uttar Pradesh, 2011","Ministry of Home Affairs|Department of Home|Registrar General and Census Commissioner, India",Census and Surveys|Census|Population Enumerator,,,398,2021-03-26,2022-05-10,"Village Amenities for Kanpur Dehat District of Uttar Pradesh, 2011",https://www.data.gov.in/resource/c2c7b336-1126-4f9e-9ac9-ba26f96a7a3b
8c020c92-d2a5-4bf9-aa0f-a8e003649d4b,"Village Amenities for Faizabad District of Uttar Pradesh, 2011","Ministry of Home Affairs|Department of Home|Registrar General and Census Commissioner, India",Census and Surveys|Census|Population Enumerator,,,398,2021-03-26,2022-05-10,"Village Amenities for Faizabad District of Uttar Pradesh, 2011",https://www.data.gov.in/resource/8c020c92-d2a5-4bf9-aa0f-a8e003649d4b
2975ebf5-3a98-486e-becd-4bef4cf99b41,"Village Amenities for Kannauj District of Uttar Pradesh, 2011","Ministry of Home Affairs|Department of Home|Registrar General and Census Commissioner, India",Census and Surveys|Census|Population Enumerator,,,398,2021-03-26,2022-05-10,"Village Amenities for Kannauj District of Uttar Pradesh, 2011",https://www.data.gov.in/resource/2975ebf5-3a98-486e-becd-4bef4cf99b41
1eec1fc2-4fb4-4bb0-ba98-5ce5332d1bc5,"Village Amenities for Unnao District of Uttar Pradesh, 2011","Ministry of Home Affairs|Department of Home|Registrar General and Census Commissioner, India",Census and Surveys|Census|Population Enumerator,,,398,2021-03-26,2022-05-10,"Village Amenities for Unnao District of Uttar Pradesh, 2011",https://www.data.gov.in/resource/1eec1fc2-4fb4-4bb0-ba98-5ce5332d1bc5
5f817552-5151-4e76-a664-257efb39f7a7,"Village Amenities for Etah District of Uttar Pradesh, 2011","Ministry of Home Affairs|Department of Home|Registrar General and Census Commissioner, India",Census and Surveys|Census|Population Enumerator,,,398,2021-03-29,2022-05-10,"Village Amenities for Etah District of Uttar Pradesh, 2011",https://www.data.gov.in/resource/5f817552-5151-4e76-a664-257efb39f7a7
841d813e-1dda-4c34-bfc9-64dd53f3979d,"Village Amenities for Chandauli District of Uttar Pradesh, 2011","Ministry of Home Affairs|Department of Home|Registrar General and Census Commissioner, India",Census and Surveys|Census|Population Enumerator,,,398,2021-03-30,2022-05-10,"Village Amenities for Chandauli District of Uttar Pradesh, 2011",https://www.data.gov.in/resource/841d813e-1dda-4c34-bfc9-64dd53f3979d
45923a57-afea-453f-bd77-cf67ec7f18f1,"Village Amenities for Chitrakoot District of Uttar Pradesh, 2011","Ministry of Home Affairs|Department of Home|Registrar General and Census Commissioner, India",Census and Surveys|Census|Population Enumerator,,,398,2021-03-30,2022-05-10,"Village Amenities for Chitrakoot District of Uttar Pradesh, 2011",https://www.data.gov.in/resource/45923a57-afea-453f-bd77-cf67ec7f18f1
67b9f5c7-749c-4b99-bcbd-951b2620906f,"Village Amenities for Mahrajganj District of Uttar Pradesh, 2011","Ministry of Home Affairs|Department of Home|Registrar General and Census Commissioner, India",Census and Surveys|Census|Population Enumerator,,,398,2021-03-30,2022-05-10,"Village Amenities for Mahrajganj District of Uttar Pradesh, 2011",https://www.data.gov.in/resource/67b9f5c7-749c-4b99-bcbd-951b2620906f
88557d74-88b2-44f5-948c-76010f24bd55,"Village Amenities for Agra District of Uttar Pradesh, 2011","Ministry of Home Affairs|Department of Home|Registrar General and Census Commissioner, India",Census and Surveys|Census|Population Enumerator,,,398,2021-03-30,2022-05-10,"Village Amenities for Agra District of Uttar Pradesh, 2011",https://www.data.gov.in/resource/88557d74-88b2-44f5-948c-76010f24bd55
732f9c57-10f0-4bfe-8acf-c43b86dc91c2,"Primary Census Abstract for Etah District of Uttar Pradesh, 2001","Ministry of Home Affairs|Department of Home|Registrar General and Census Commissioner, India",Census and Surveys|Census|Population Enumerator,,,66,2020-01-21,2022-04-29,"Primary Census Abstract for Etah District of Uttar Pradesh, 2001",https://www.data.gov.in/resource/732f9c57-10f0-4bfe-8acf-c43b86dc91c2
7f7f59fd-8013-4b70-bcb2-c04f1ff5e484,"Primary Census Abstract for Deoria District of Uttar Pradesh, 2001","Ministry of Home Affairs|Department of Home|Registrar General and Census Commissioner, India",Census and Surveys|Census|Population Enumerator,,,66,2020-01-21,2022-04-29,"Primary Census Abstract for Deoria District of Uttar Pradesh, 2001",https://www.data.gov.in/resource/7f7f59fd-8013-4b70-bcb2-c04f1ff5e484
14cd1c8c-867e-4c6b-af2a-020002216846,"Final Population Totals for Saharanpur District of Uttar Pradesh, 2001","Ministry of Home Affairs|Department of Home|Registrar General and Census Commissioner, India",Census and Surveys|Census|Population Enumerator,,,20,2020-08-20,2022-04-29,"Final Population Totals for Saharanpur District of Uttar Pradesh, 2001",https://www.data.gov.in/resource/14cd1c8c-867e-4c6b-af2a-020002216846
f1a4ec6b-b581-400c-aad1-2e9a07f7df3b,"Final Population Totals for Bareilly District of Uttar Pradesh, 2001","Ministry of Home Affairs|Department of Home|Registrar General and Census Commissioner, India",Census and Surveys|Census|Population Enumerator,,,20,2020-08-20,2022-04-29,"Final Population Totals for Bareilly District of Uttar Pradesh, 2001",https://www.data.gov.in/resource/f1a4ec6b-b581-400c-aad1-2e9a07f7df3b
c9dfae5d-afc5-4aef-bce2-b62b88c61f2e,"Final Population Totals for Bahraich District of Uttar Pradesh, 2001","Ministry of Home Affairs|Department of Home|Registrar General and Census Commissioner, India",Census and Surveys|Census|Population Enumerator,,,20,2020-08-20,2022-04-29,"Final Population Totals for Bahraich District of Uttar Pradesh, 2001",https://www.data.gov.in/resource/c9dfae5d-afc5-4aef-bce2-b62b88c61f2e
6934610e-08e6-42ea-95ab-6f5a561a882b,"Final Population Totals for Chandauli District of Uttar Pradesh, 2001","Ministry of Home Affairs|Department of Home|Registrar General and Census Commissioner, India",Census and Surveys|Census|Population Enumerator,,,20,2020-08-20,2022-04-29,"Final Population Totals for Chandauli District of Uttar Pradesh, 2001",https://www.data.gov.in/resource/6934610e-08e6-42ea-95ab-6f5a561a882b
1ff29a27-cc23-4041-b955-4c2a77ac0cb1,"Final Population Totals for Ballia District of Uttar Pradesh, 2001","Ministry of Home Affairs|Department of Home|Registrar General and Census Commissioner, India",Census and Surveys|Census|Population Enumerator,,,20,2020-08-20,2022-04-29,"Final Population Totals for Ballia District of Uttar Pradesh, 2001",https://www.data.gov.in/resource/1ff29a27-cc23-4041-b955-4c2a77ac0cb1
d9c31867-626b-4554-bbed-53031e007a75,"Primary Census Abstract for Saharanpur District of Uttar Pradesh, 2001","Ministry of Home Affairs|Department of Home|Registrar General and Census Commissioner, India",Census and Surveys|Census|Population Enumerator,,,66,2020-01-21,2022-04-29,"Primary Census Abstract for Saharanpur District of Uttar Pradesh, 2001",https://www.data.gov.in/resource/d9c31867-626b-4554-bbed-53031e007a75
1252d01c-23df-4e99-a95e-0704e24fff8e,"Primary Census Abstract for Allahabad District of Uttar Pradesh, 2001","Ministry of Home Affairs|Department of Home|Registrar General and Census Commissioner, India",Census and Surveys|Census|Population Enumerator,,,66,2020-01-21,2022-04-29,"Primary Census Abstract for Allahabad District of Uttar Pradesh, 2001",https://www.data.gov.in/resource/1252d01c-23df-4e99-a95e-0704e24fff8e
b12e1691-8200-4aff-90ee-ea386f82728a,"Primary Census Abstract for Lalitpur District of Uttar Pradesh, 2001","Ministry of Home Affairs|Department of Home|Registrar General and Census Commissioner, India",Census and Surveys|Census|Population Enumerator,,,66,2020-01-20,2022-04-29,"Primary Census Abstract for Lalitpur District of Uttar Pradesh, 2001",https://www.data.gov.in/resource/b12e1691-8200-4aff-90ee-ea386f82728a
0479cbae-12e7-4b84-9c42-893c3123e9c9,"Primary Census Abstract for Pilibhit District of Uttar Pradesh, 2001","Ministry of Home Affairs|Department of Home|Registrar General and Census Commissioner, India",Census and Surveys|Census|Population Enumerator,,,66,2020-01-20,2022-04-29,"Primary Census Abstract for Pilibhit District of Uttar Pradesh, 2001",https://www.data.gov.in/resource/0479cbae-12e7-4b84-9c42-893c3123e9c9
a2b14db5-1f17-4437-80c9-fb8515ebe9d3,"Primary Census Abstract for Hathras District of Uttar Pradesh, 2001","Ministry of Home Affairs|Department of Home|Registrar General and Census Commissioner, India",Census and Surveys|Census|Population Enumerator,,,66,2020-01-21,2022-04-29,"Primary Census Abstract for Hathras District of Uttar Pradesh, 2001",https://www.data.gov.in/resource/a2b14db5-1f17-4437-80c9-fb8515ebe9d3
dc3d35e2-56da-4d6f-8b61-8f5483c15506,"Final Population Totals for Firozabad District of Uttar Pradesh, 2001","Ministry of Home Affairs|Department of Home|Registrar General and Census Commissioner, India",Census and Surveys|Census|Population Enumerator,,,20,2020-08-20,2022-04-29,"Final Population Totals for Firozabad District of Uttar Pradesh, 2001",https://www.data.gov.in/resource/dc3d35e2-56da-4d6f-8b61-8f5483c15506
7755689f-e669-496c-bd5b-130af9bece79,"Final Population Totals for Pilibhit District of Uttar Pradesh, 2001","Ministry of Home Affairs|Department of Home|Registrar General and Census Commissioner, India",Census and Surveys|Census|Population Enumerator,,,20,2020-08-20,2022-04-29,"Final Population Totals for Pilibhit District of Uttar Pradesh, 2001",https://www.data.gov.in/resource/7755689f-e669-496c-bd5b-130af9bece79
47246690-6d18-470f-bf12-176625b731e6,"Final Population Totals for Ghazipur District of Uttar Pradesh, 2001","Ministry of Home Affairs|Department of Home|Registrar General and Census Commissioner, India",Census and Surveys|Census|Population Enumerator,,,20,2020-08-20,2022-04-29,"Final Population Totals for Ghazipur District of Uttar Pradesh, 2001",https://www.data.gov.in/resource/47246690-6d18-470f-bf12-176625b731e6
2fe97531-37c9-498c-9601-aea91cec468f,"Final Population Totals for Barabanki District of Uttar Pradesh, 2001","Ministry of Home Affairs|Department of Home|Registrar General and Census Commissioner, India",Census and Surveys|Census|Population Enumerator,,,20,2020-08-20,2022-04-29,"Final Population Totals for Barabanki District of Uttar Pradesh, 2001",https://www.data.gov.in/resource/2fe97531-37c9-498c-9601-aea91cec468f
1b7dd9d3-6b01-46ea-adef-78c397e43ad5,"Primary Census Abstract for Shahjahanpur District of Uttar Pradesh, 2001","Ministry of Home Affairs|Department of Home|Registrar General and Census Commissioner, India",Census and Surveys|Census|Population Enumerator,,,66,2020-01-20,2022-04-29,"Primary Census Abstract for Shahjahanpur District of Uttar Pradesh, 2001",https://www.data.gov.in/resource/1b7dd9d3-6b01-46ea-adef-78c397e43ad5
69407e5f-21f5-4af5-a4b0-c6bbe072f77b,"Primary Census Abstract for Bareilly District of Uttar Pradesh, 2001","Ministry of Home Affairs|Department of Home|Registrar General and Census Commissioner, India",Census and Surveys|Census|Population Enumerator,,,66,2020-01-20,2022-04-29,"Primary Census Abstract for Bareilly District of Uttar Pradesh, 2001",https://www.data.gov.in/resource/69407e5f-21f5-4af5-a4b0-c6bbe072f77b
cddf7068-094f-4e3f-bea4-4e84ab8c42e9,"Final Population Totals for Etah District of Uttar Pradesh, 2001","Ministry of Home Affairs|Department of Home|Registrar General and Census Commissioner, India",Census and Surveys|Census|Population Enumerator,,,20,2020-08-20,2022-04-29,"Final Population Totals for Etah District of Uttar Pradesh, 2001",https://www.data.gov.in/resource/cddf7068-094f-4e3f-bea4-4e84ab8c42e9
3551f040-c46c-425e-bd26-98965d57194e,"Final Population Totals for Mainpuri District of Uttar Pradesh, 2001","Ministry of Home Affairs|Department of Home|Registrar General and Census Commissioner, India",Census and Surveys|Census|Population Enumerator,,,20,2020-08-20,2022-04-29,"Final Population Totals for Mainpuri District of Uttar Pradesh, 2001",https://www.data.gov.in/resource/3551f040-c46c-425e-bd26-98965d57194e
a0cff74f-817b-481d-a112-92500c938c92,"Village Amenities for Mahoba District of Uttar Pradesh, 2011","Ministry of Home Affairs|Department of Home|Registrar General and Census Commissioner, India",Census and Surveys|Census|Population Enumerator,,,398,2021-03-30,2022-05-10,"Village Amenities for Mahoba District of Uttar Pradesh, 2011",https://www.data.gov.in/resource/a0cff74f-817b-481d-a112-92500c938c92
8149283a-93bc-4914-906e-117b596a21b4,"Village Amenities for Gorakhpur District of Uttar Pradesh, 2011","Ministry of Home Affairs|Department of Home|Registrar General and Census Commissioner, India",Census and Surveys|Census|Population Enumerator,,,398,2021-03-30,2022-05-10,"Village Amenities for Gorakhpur District of Uttar Pradesh, 2011",https://www.data.gov.in/resource/8149283a-93bc-4914-906e-117b596a21b4
2f45166f-999b-471e-a68f-e2232461efb6,"Final Population Totals for Kushinagar District of Uttar Pradesh, 2001","Ministry of Home Affairs|Department of Home|Registrar General and Census Commissioner, India",Census and Surveys|Census|Population Enumerator,,,20,2022-02-22,2022-06-20,"Final Population Totals for Kushinagar District of Uttar Pradesh, 2001",https://www.data.gov.in/resource/2f45166f-999b-471e-a68f-e2232461efb6
972a5d42-5b93-4783-896f-383c846c3632,"Final Population Totals for Bulandshahar District of Uttar Pradesh, 2001","Ministry of Home Affairs|Department of Home|Registrar General and Census Commissioner, India",Census and Surveys|Census|Population Enumerator,,,20,2022-02-22,2022-06-20,"Final Population Totals for Bulandshahar District of Uttar Pradesh, 2001",https://www.data.gov.in/resource/972a5d42-5b93-4783-896f-383c846c3632
7f41fecb-b8f0-4c58-8b31-6db9924803cb,"Final Population Totals for Chitrakoot District of Uttar Pradesh, 2001","Ministry of Home Affairs|Department of Home|Registrar General and Census Commissioner, India",Census and Surveys|Census|Population Enumerator,,,20,2022-02-22,2022-06-20,"Final Population Totals for Chitrakoot District of Uttar Pradesh, 2001",https://www.data.gov.in/resource/7f41fecb-b8f0-4c58-8b31-6db9924803cb
39ab43d4-0a24-4a1d-bdc0-ce0c6401abe2,"City-wise Population by Mother Tongue, 2001 - Uttar Pradesh","Ministry of Home Affairs|Department of Home|Registrar General and Census Commissioner, India",Census and Surveys|Census|Population Enumerator,,,18,2021-12-13,2022-06-20,"City-wise Population by Mother Tongue, 2001 - Uttar Pradesh",https://www.data.gov.in/resource/39ab43d4-0a24-4a1d-bdc0-ce0c6401abe2
53624198-00c6-477a-822e-4f298c2a6c6f,"Final Population Totals for Kheri District of Uttar Pradesh, 2001","Ministry of Home Affairs|Department of Home|Registrar General and Census Commissioner, India",Census and Surveys|Census|Population Enumerator,,,20,2022-02-22,2022-06-20,"Final Population Totals for Kheri District of Uttar Pradesh, 2001",https://www.data.gov.in/resource/53624198-00c6-477a-822e-4f298c2a6c6f
9592a670-739c-4e37-8254-6f374f9a120e,"Distribution of Scheduled Caste Population by Sex, 1991 - Uttar Pradesh","Ministry of Home Affairs|Department of Home|Registrar General and Census Commissioner, India",Census and Surveys|Census|Population Enumerator,,,9,2019-10-18,2019-10-18,"Distribution of Scheduled Caste Population by Sex, 1991 - Uttar Pradesh",https://www.data.gov.in/resource/9592a670-739c-4e37-8254-6f374f9a120e
ccbb9318-7c43-4589-9333-c7ef7d3f34bc,"Age, Sex and Educational level Population - Urban, 1991 - Uttar Pradesh","Ministry of Home Affairs|Department of Home|Registrar General and Census Commissioner, India",Census and Surveys|Census|Population Enumerator,,,41,2019-10-23,2019-10-28,"Age, Sex and Educational level Population - Urban, 1991 - Uttar Pradesh",https://www.data.gov.in/resource/ccbb9318-7c43-4589-9333-c7ef7d3f34bc
99a929f3-4769-41c2-bc31-5bac2888f2fd,"Population by Single Year Age Returns, 1991 - Uttar Pradesh","Ministry of Home Affairs|Department of Home|Registrar General and Census Commissioner, India",Census and Surveys|Census|Population Enumerator,,,10,2020-04-17,2020-04-23,"Population by Single Year Age Returns, 1991 - Uttar Pradesh",https://www.data.gov.in/resource/99a929f3-4769-41c2-bc31-5bac2888f2fd
31e0dcc3-f9fb-4d4c-9d19-11dac7997644,Item-wise HMIS report of Uttar Pradesh for 2018-19,Ministry of Health and Family Welfare|Department of Health and Family Welfare,Health and Family welfare|Health,,,71,2021-02-24,2021-02-25,Item-wise HMIS report of Uttar Pradesh for 2018-19,https://www.data.gov.in/resource/31e0dcc3-f9fb-4d4c-9d19-11dac7997644
33e70e5b-3d4c-4552-b3e7-4800023fa4ca,Item-wise HMIS report of Uttar Pradesh for 2014-15,Ministry of Health and Family Welfare|Department of Health and Family Welfare,Health and Family welfare|Health,,,19,2021-02-24,2021-02-25,Item-wise HMIS report of Uttar Pradesh for 2014-15,https://www.data.gov.in/resource/33e70e5b-3d4c-4552-b3e7-4800023fa4ca
3a327b23-a4f8-4932-8ee9-3a694dfbc630,"Primary Census Abstract for Mau District of Uttar Pradesh, 2001","Ministry of Home Affairs|Department of Home|Registrar General and Census Commissioner, India",Census and Surveys|Census|Population Enumerator,,,66,2020-01-21,2022-04-29,"Primary Census Abstract for Mau District of Uttar Pradesh, 2001",https://www.data.gov.in/resource/3a327b23-a4f8-4932-8ee9-3a694dfbc630
24bd0fbf-6634-4283-87d6-4366ee091902,"Primary Census Abstract for Kaushambi District of Uttar Pradesh, 2001","Ministry of Home Affairs|Department of Home|Registrar General and Census Commissioner, India",Census and Surveys|Census|Population Enumerator,,,66,2020-01-21,2022-04-29,"Primary Census Abstract for Kaushambi District of Uttar Pradesh, 2001",https://www.data.gov.in/resource/24bd0fbf-6634-4283-87d6-4366ee091902
42ecdb2d-e33a-4926-aefb-d4eb64d97a61,"Primary Census Abstract for Sultanpur District of Uttar Pradesh, 2001","Ministry of Home Affairs|Department of Home|Registrar General and Census Commissioner, India",Census and Surveys|Census|Population Enumerator,,,66,2020-01-21,2022-04-29,"Primary Census Abstract for Sultanpur District of Uttar Pradesh, 2001",https://www.data.gov.in/resource/42ecdb2d-e33a-4926-aefb-d4eb64d97a61
f7886ae0-209d-414c-9fde-ebd5f9187ea0,"Primary Census Abstract for Hardoi District of Uttar Pradesh, 2001","Ministry of Home Affairs|Department of Home|Registrar General and Census Commissioner, India",Census and Surveys|Census|Population Enumerator,,,66,2020-01-21,2022-04-29,"Primary Census Abstract for Hardoi District of Uttar Pradesh, 2001",https://www.data.gov.in/resource/f7886ae0-209d-414c-9fde-ebd5f9187ea0
b3f2b2f3-9329-4645-a56a-fc4315b8e72e,"Final Population Totals for Jaunpur District of Uttar Pradesh, 2001","Ministry of Home Affairs|Department of Home|Registrar General and Census Commissioner, India",Census and Surveys|Census|Population Enumerator,,,20,2020-08-20,2022-04-29,"Final Population Totals for Jaunpur District of Uttar Pradesh, 2001",https://www.data.gov.in/resource/b3f2b2f3-9329-4645-a56a-fc4315b8e72e
04e13d4c-e557-44c3-a697-3d7c9aacf80a,"Final Population Totals for Faizabad District of Uttar Pradesh, 2001","Ministry of Home Affairs|Department of Home|Registrar General and Census Commissioner, India",Census and Surveys|Census|Population Enumerator,,,20,2020-08-20,2022-04-29,"Final Population Totals for Faizabad District of Uttar Pradesh, 2001",https://www.data.gov.in/resource/04e13d4c-e557-44c3-a697-3d7c9aacf80a
5d36af05-d731-45e4-97c3-5fe0e498d5b7,"Primary Census Abstract for Auraiya District of Uttar Pradesh, 2001","Ministry of Home Affairs|Department of Home|Registrar General and Census Commissioner, India",Census and Surveys|Census|Population Enumerator,,,66,2020-01-21,2022-04-29,"Primary Census Abstract for Auraiya District of Uttar Pradesh, 2001",https://www.data.gov.in/resource/5d36af05-d731-45e4-97c3-5fe0e498d5b7
e05ac50d-7f39-4375-9978-25c47b3b2171,"Primary Census Abstract for Chitrakoot District of Uttar Pradesh, 2001","Ministry of Home Affairs|Department of Home|Registrar General and Census Commissioner, India",Census and Surveys|Census|Population Enumerator,,,66,2020-01-21,2022-04-29,"Primary Census Abstract for Chitrakoot District of Uttar Pradesh, 2001",https://www.data.gov.in/resource/e05ac50d-7f39-4375-9978-25c47b3b2171
21a76559-3a04-4ffa-8f55-4835a628c62d,"Primary Census Abstract for Kushinagar District of Uttar Pradesh, 2001","Ministry of Home Affairs|Department of Home|Registrar General and Census Commissioner, India",Census and Surveys|Census|Population Enumerator,,,66,2020-01-21,2022-04-29,"Primary Census Abstract for Kushinagar District of Uttar Pradesh, 2001",https://www.data.gov.in/resource/21a76559-3a04-4ffa-8f55-4835a628c62d
1df9a3f1-0dfb-4682-ba3c-7c24ef12da89,"Primary Census Abstract for Unnao District of Uttar Pradesh, 2001","Ministry of Home Affairs|Department of Home|Registrar General and Census Commissioner, India",Census and Surveys|Census|Population Enumerator,,,66,2020-01-21,2022-04-29,"Primary Census Abstract for Unnao District of Uttar Pradesh, 2001",https://www.data.gov.in/resource/1df9a3f1-0dfb-4682-ba3c-7c24ef12da89
15e4d4a4-e87e-417b-a556-664fd3d07b31,"Primary Census Abstract for Jalaun District of Uttar Pradesh, 2001","Ministry of Home Affairs|Department of Home|Registrar General and Census Commissioner, India",Census and Surveys|Census|Population Enumerator,,,66,2020-01-20,2022-04-29,"Primary Census Abstract for Jalaun District of Uttar Pradesh, 2001",https://www.data.gov.in/resource/15e4d4a4-e87e-417b-a556-664fd3d07b31
a7d7972a-3365-4c54-9cc8-529af8224e82,"Primary Census Abstract for Baghpat District of Uttar Pradesh, 2001","Ministry of Home Affairs|Department of Home|Registrar General and Census Commissioner, India",Census and Surveys|Census|Population Enumerator,,,66,2020-01-20,2022-04-29,"Primary Census Abstract for Baghpat District of Uttar Pradesh, 2001",https://www.data.gov.in/resource/a7d7972a-3365-4c54-9cc8-529af8224e82
3e88e554-7fd3-41fa-9456-a0cc79d25fed,"Primary Census Abstract for Hamirpur District of Uttar Pradesh, 2001","Ministry of Home Affairs|Department of Home|Registrar General and Census Commissioner, India",Census and Surveys|Census|Population Enumerator,,,66,2020-01-20,2022-04-29,"Primary Census Abstract for Hamirpur District of Uttar Pradesh, 2001",https://www.data.gov.in/resource/3e88e554-7fd3-41fa-9456-a0cc79d25fed
8750ff91-0ad2-4c77-a85a-a88653b47a13,"Primary Census Abstract for Etawah District of Uttar Pradesh, 2001","Ministry of Home Affairs|Department of Home|Registrar General and Census Commissioner, India",Census and Surveys|Census|Population Enumerator,,,66,2020-01-21,2022-04-29,"Primary Census Abstract for Etawah District of Uttar Pradesh, 2001",https://www.data.gov.in/resource/8750ff91-0ad2-4c77-a85a-a88653b47a13
f31b889a-cd9b-47c0-b79b-713d6b303f82,"Final Population Totals for Shrawasti District of Uttar Pradesh, 2001","Ministry of Home Affairs|Department of Home|Registrar General and Census Commissioner, India",Census and Surveys|Census|Population Enumerator,,,20,2020-08-20,2022-04-29,"Final Population Totals for Shrawasti District of Uttar Pradesh, 2001",https://www.data.gov.in/resource/f31b889a-cd9b-47c0-b79b-713d6b303f82
c8ef223a-b7b8-4aa1-bde0-9cece51435d2,"Final Population Totals for Budaun District of Uttar Pradesh, 2001","Ministry of Home Affairs|Department of Home|Registrar General and Census Commissioner, India",Census and Surveys|Census|Population Enumerator,,,20,2020-08-20,2022-04-29,"Final Population Totals for Budaun District of Uttar Pradesh, 2001",https://www.data.gov.in/resource/c8ef223a-b7b8-4aa1-bde0-9cece51435d2
1ddd47d4-e495-48dc-94ec-66bbb5ba5cb3,"Final Population Totals for Farrukhabad District of Uttar Pradesh, 2001","Ministry of Home Affairs|Department of Home|Registrar General and Census Commissioner, India",Census and Surveys|Census|Population Enumerator,,,20,2020-08-20,2022-04-29,"Final Population Totals for Farrukhabad District of Uttar Pradesh, 2001",https://www.data.gov.in/resource/1ddd47d4-e495-48dc-94ec-66bbb5ba5cb3
6fd51854-de03-4924-a523-799575723c56,"Marital Status by Age and Sex, 2001 -Uttar Pradesh","Ministry of Home Affairs|Department of Home|Registrar General and Census Commissioner, India",Census and Surveys|Census|Population Enumerator,,,27,2020-02-25,2022-04-29,"Marital Status by Age and Sex, 2001 -Uttar Pradesh",https://www.data.gov.in/resource/6fd51854-de03-4924-a523-799575723c56
eec99289-8e67-4d8e-bad9-41581158bc57,"Village Amenities for Mahamaya Nagar District of Uttar Pradesh, 2011","Ministry of Home Affairs|Department of Home|Registrar General and Census Commissioner, India",Census and Surveys|Census|Population Enumerator,,,398,2021-03-30,2022-05-10,"Village Amenities for Mahamaya Nagar District of Uttar Pradesh, 2011",https://www.data.gov.in/resource/eec99289-8e67-4d8e-bad9-41581158bc57
b480f082-f968-4155-9e8d-571da45250c0,"Village Amenities for Pilibhit District of Uttar Pradesh, 2011","Ministry of Home Affairs|Department of Home|Registrar General and Census Commissioner, India",Census and Surveys|Census|Population Enumerator,,,398,2021-03-26,2022-05-10,"Village Amenities for Pilibhit District of Uttar Pradesh, 2011",https://www.data.gov.in/resource/b480f082-f968-4155-9e8d-571da45250c0
cb0fd3ca-2440-44b7-a640-07bb2bdd6b25,"Village Amenities for Azamgarh District of Uttar Pradesh, 2011","Ministry of Home Affairs|Department of Home|Registrar General and Census Commissioner, India",Census and Surveys|Census|Population Enumerator,,,398,2021-03-26,2022-05-10,"Village Amenities for Azamgarh District of Uttar Pradesh, 2011",https://www.data.gov.in/resource/cb0fd3ca-2440-44b7-a640-07bb2bdd6b25
826b1a40-1893-4748-ab7d-3d049ad31878,"Village Amenities for Etawah District of Uttar Pradesh, 2011","Ministry of Home Affairs|Department of Home|Registrar General and Census Commissioner, India",Census and Surveys|Census|Population Enumerator,,,398,2021-03-26,2022-05-10,"Village Amenities for Etawah District of Uttar Pradesh, 2011",https://www.data.gov.in/resource/826b1a40-1893-4748-ab7d-3d049ad31878
9c514389-2c89-4a48-b551-033ef4fe634e,"Village Amenities for Mirzapur District of Uttar Pradesh, 2011","Ministry of Home Affairs|Department of Home|Registrar General and Census Commissioner, India",Census and Surveys|Census|Population Enumerator,,,398,2021-03-26,2022-05-10,"Village Amenities for Mirzapur District of Uttar Pradesh, 2011",https://www.data.gov.in/resource/9c514389-2c89-4a48-b551-033ef4fe634e
9600c14a-9dbe-452d-b3fd-0dec0bc5f4e5,"Village Amenities for Mathura District of Uttar Pradesh, 2011","Ministry of Home Affairs|Department of Home|Registrar General and Census Commissioner, India",Census and Surveys|Census|Population Enumerator,,,398,2021-03-30,2022-05-10,"Village Amenities for Mathura District of Uttar Pradesh, 2011",https://www.data.gov.in/resource/9600c14a-9dbe-452d-b3fd-0dec0bc5f4e5
bc266c29-eef4-4ca5-8386-974d19c6e08f,"Village Amenities for Ambedkar Nagar District of Uttar Pradesh, 2011","Ministry of Home Affairs|Department of Home|Registrar General and Census Commissioner, India",Census and Surveys|Census|Population Enumerator,,,398,2021-03-29,2022-05-10,"Village Amenities for Ambedkar Nagar District of Uttar Pradesh, 2011",https://www.data.gov.in/resource/bc266c29-eef4-4ca5-8386-974d19c6e08f
ac3033a4-b716-4a2f-8b0e-8b18e8aaefc6,"Village Amenities for Auraiya District of Uttar Pradesh, 2011","Ministry of Home Affairs|Department of Home|Registrar General and Census Commissioner, India",Census and Surveys|Census|Population Enumerator,,,398,2021-03-29,2022-05-10,"Village Amenities for Auraiya District of Uttar Pradesh, 2011",https://www.data.gov.in/resource/ac3033a4-b716-4a2f-8b0e-8b18e8aaefc6
786a69b4-71f3-442f-8206-b465666c6895,"Village Amenities for Kushinagar District of Uttar Pradesh, 2011","Ministry of Home Affairs|Department of Home|Registrar General and Census Commissioner, India",Census and Surveys|Census|Population Enumerator,,,398,2021-03-16,2022-05-10,"Village Amenities for Kushinagar District of Uttar Pradesh, 2011",https://www.data.gov.in/resource/786a69b4-71f3-442f-8206-b465666c6895
63db546e-b969-439e-afd1-ef667b74268c,"Village Amenities for Rae Bareli District of Uttar Pradesh, 2011","Ministry of Home Affairs|Department of Home|Registrar General and Census Commissioner, India",Census and Surveys|Census|Population Enumerator,,,398,2021-03-17,2022-05-10,"Village Amenities for Rae Bareli District of Uttar Pradesh, 2011",https://www.data.gov.in/resource/63db546e-b969-439e-afd1-ef667b74268c
2bed5ee3-b47e-4343-8061-bb9413bcd7c2,"Village Amenities for Kaushambi District of Uttar Pradesh, 2011","Ministry of Home Affairs|Department of Home|Registrar General and Census Commissioner, India",Census and Surveys|Census|Population Enumerator,,,398,2021-03-26,2022-05-10,"Village Amenities for Kaushambi District of Uttar Pradesh, 2011",https://www.data.gov.in/resource/2bed5ee3-b47e-4343-8061-bb9413bcd7c2
9e3d5290-91ed-419e-bd58-b6ed27ea6db3,"Village Amenities for Jalaun District of Uttar Pradesh, 2011","Ministry of Home Affairs|Department of Home|Registrar General and Census Commissioner, India",Census and Surveys|Census|Population Enumerator,,,398,2021-03-30,2022-05-10,"Village Amenities for Jalaun District of Uttar Pradesh, 2011",https://www.data.gov.in/resource/9e3d5290-91ed-419e-bd58-b6ed27ea6db3
fccb597f-3b3b-4207-a2b5-6d2705e50a80,"Village Amenities for Bulandshahr District of Uttar Pradesh, 2011","Ministry of Home Affairs|Department of Home|Registrar General and Census Commissioner, India",Census and Surveys|Census|Population Enumerator,,,398,2021-03-30,2022-05-10,"Village Amenities for Bulandshahr District of Uttar Pradesh, 2011",https://www.data.gov.in/resource/fccb597f-3b3b-4207-a2b5-6d2705e50a80
63fa33d2-d3ca-4a03-9e25-0197375c99e8,"Village Amenities for Bara Banki District of Uttar Pradesh, 2011","Ministry of Home Affairs|Department of Home|Registrar General and Census Commissioner, India",Census and Surveys|Census|Population Enumerator,,,398,2021-03-16,2022-05-10,"Village Amenities for Bara Banki District of Uttar Pradesh, 2011",https://www.data.gov.in/resource/63fa33d2-d3ca-4a03-9e25-0197375c99e8
d575988b-b273-4fdc-9a87-f5ff41035e08,"Village Amenities for Basti District of Uttar Pradesh, 2011","Ministry of Home Affairs|Department of Home|Registrar General and Census Commissioner, India",Census and Surveys|Census|Population Enumerator,,,398,2021-03-30,2022-05-10,"Village Amenities for Basti District of Uttar Pradesh, 2011",https://www.data.gov.in/resource/d575988b-b273-4fdc-9a87-f5ff41035e08
4c808669-cf2a-4f03-94b2-1aca1664b7e3,"Final Population Totals for Gorakhpur District of Uttar Pradesh, 2001","Ministry of Home Affairs|Department of Home|Registrar General and Census Commissioner, India",Census and Surveys|Census|Population Enumerator,,,20,2022-02-22,2022-06-20,"Final Population Totals for Gorakhpur District of Uttar Pradesh, 2001",https://www.data.gov.in/resource/4c808669-cf2a-4f03-94b2-1aca1664b7e3
15bbe0b4-ec02-4c2b-807a-b887ccae815e,"Final Population Totals for Baghpat District of Uttar Pradesh, 2001","Ministry of Home Affairs|Department of Home|Registrar General and Census Commissioner, India",Census and Surveys|Census|Population Enumerator,,,20,2022-02-22,2022-06-20,"Final Population Totals for Baghpat District of Uttar Pradesh, 2001",https://www.data.gov.in/resource/15bbe0b4-ec02-4c2b-807a-b887ccae815e
371fc37e-09c7-4538-b09d-a29b13381d0f,"Final Population Totals for Sonbhadra District of Uttar Pradesh, 2001","Ministry of Home Affairs|Department of Home|Registrar General and Census Commissioner, India",Census and Surveys|Census|Population Enumerator,,,20,2022-02-22,2022-06-20,"Final Population Totals for Sonbhadra District of Uttar Pradesh, 2001",https://www.data.gov.in/resource/371fc37e-09c7-4538-b09d-a29b13381d0f
8dc5a48f-b709-421f-a061-86119fe1d4e5,"Final Population Totals for Mahoba District of Uttar Pradesh, 2001","Ministry of Home Affairs|Department of Home|Registrar General and Census Commissioner, India",Census and Surveys|Census|Population Enumerator,,,20,2022-02-22,2022-06-20,"Final Population Totals for Mahoba District of Uttar Pradesh, 2001",https://www.data.gov.in/resource/8dc5a48f-b709-421f-a061-86119fe1d4e5
c0b6815f-a359-4d9f-8fb7-c080f2a873f7,"Final Population Totals for Lalitpur District of Uttar Pradesh, 2001","Ministry of Home Affairs|Department of Home|Registrar General and Census Commissioner, India",Census and Surveys|Census|Population Enumerator,,,20,2022-02-22,2022-06-20,"Final Population Totals for Lalitpur District of Uttar Pradesh, 2001",https://www.data.gov.in/resource/c0b6815f-a359-4d9f-8fb7-c080f2a873f7
e864119f-4e8a-4817-96eb-0f1e016aac55,"Final Population Totals for Mirzapur District of Uttar Pradesh, 2001","Ministry of Home Affairs|Department of Home|Registrar General and Census Commissioner, India",Census and Surveys|Census|Population Enumerator,,,20,2022-02-22,2022-06-20,"Final Population Totals for Mirzapur District of Uttar Pradesh, 2001",https://www.data.gov.in/resource/e864119f-4e8a-4817-96eb-0f1e016aac55
1a95b6cc-3a7e-4c7b-bb7c-46503f147fb5,"Final Population Totals for Gonda District of Uttar Pradesh, 2001","Ministry of Home Affairs|Department of Home|Registrar General and Census Commissioner, India",Census and Surveys|Census|Population Enumerator,,,20,2022-02-22,2022-06-20,"Final Population Totals for Gonda District of Uttar Pradesh, 2001",https://www.data.gov.in/resource/1a95b6cc-3a7e-4c7b-bb7c-46503f147fb5
18b62810-3b24-49b3-8008-8c2d2ff915fa,"Tehsil-wise Population by Mother Tongue, 2001 - Uttar Pradesh","Ministry of Home Affairs|Department of Home|Registrar General and Census Commissioner, India",Census and Surveys|Census|Population Enumerator,,,18,2021-12-13,2022-06-20,"Tehsil-wise Population by Mother Tongue, 2001 - Uttar Pradesh",https://www.data.gov.in/resource/18b62810-3b24-49b3-8008-8c2d2ff915fa
581ce797-e33c-41fc-8c43-c42d2d91c9f0,"Normal Households By Household Size, 2001 -Uttar Pradesh","Ministry of Home Affairs|Department of Home|Registrar General and Census Commissioner, India",Census and Surveys|Census|Population Enumerator,,,20,2020-05-26,2020-05-26,"Normal Households By Household Size, 2001 -Uttar Pradesh",https://www.data.gov.in/resource/581ce797-e33c-41fc-8c43-c42d2d91c9f0
113b0cf3-5c98-4da7-8993-2b543dd394aa,"Population by Bilingualism, Trilingualism, Age and Sex, 2001 - Uttar Pradesh","Ministry of Home Affairs|Department of Home|Registrar General and Census Commissioner, India",Census and Surveys|Census|Population Enumerator,,,15,2020-07-08,2020-07-08,"Population by Bilingualism, Trilingualism, Age and Sex, 2001 - Uttar Pradesh",https://www.data.gov.in/resource/113b0cf3-5c98-4da7-8993-2b543dd394aa
5144892d-5154-4403-8307-1136f08e8da1,District-wise Key Indicators of NFHS-4 for Uttar Pradesh,Ministry of Health and Family Welfare|Department of Health and Family Welfare,Health and Family welfare|Health,,,429,2021-01-25,2021-01-25,District-wise Key Indicators of NFHS-4 for Uttar Pradesh,https://www.data.gov.in/resource/5144892d-5154-4403-8307-1136f08e8da1
7993fe58-b53d-46e5-9322-54d0e73c397e,"Primary Census Abstract for Scheduled Castes, 2011 - UTTAR PRADESH","Ministry of Home Affairs|Department of Home|Registrar General and Census Commissioner, India",Census and Surveys|Census|Population Enumerator|Statistics,,,88,2019-09-23,2019-09-25,"Primary Census Abstract for Scheduled Castes, 2011 - UTTAR PRADESH",https://www.data.gov.in/resource/7993fe58-b53d-46e5-9322-54d0e73c397e
7b8290e5-4740-41cd-a36b-2ce5ac1f2be4,Item-wise HMIS report of Uttar Pradesh for 2009-10,Ministry of Health and Family Welfare|Department of Health and Family Welfare,Health and Family welfare|Health,,,19,2021-02-24,2021-02-25,Item-wise HMIS report of Uttar Pradesh for 2009-10,https://www.data.gov.in/resource/7b8290e5-4740-41cd-a36b-2ce5ac1f2be4
686ae103-969d-492e-9e93-34f6d03367a9,"District wise Number of Goat by Breed, 2007 - Uttar Pradesh","Ministry of Fisheries, Animal Husbandry and Dairying|Department of Animal Husbandry and Dairying",Animal Husbandry,,,32,2017-08-22,2018-11-30,"District wise Number of Goat by Breed, 2007 - Uttar Pradesh",https://www.data.gov.in/resource/686ae103-969d-492e-9e93-34f6d03367a9
5b74f154-9964-4174-91c3-e5e5c9d96112,"Primary Census Abstract for Balrampur District of Uttar Pradesh, 2001","Ministry of Home Affairs|Department of Home|Registrar General and Census Commissioner, India",Census and Surveys|Census|Population Enumerator,,,66,2020-01-20,2022-04-29,"Primary Census Abstract for Balrampur District of Uttar Pradesh, 2001",https://www.data.gov.in/resource/5b74f154-9964-4174-91c3-e5e5c9d96112
f2cc7145-5178-40b4-8629-4f24b5ac4b99,"Primary Census Abstract for Azamgarh District of Uttar Pradesh, 2001","Ministry of Home Affairs|Department of Home|Registrar General and Census Commissioner, India",Census and Surveys|Census|Population Enumerator,,,66,2020-01-21,2022-04-29,"Primary Census Abstract for Azamgarh District of Uttar Pradesh, 2001",https://www.data.gov.in/resource/f2cc7145-5178-40b4-8629-4f24b5ac4b99
